{
    "ConfigVersion": "1",
    "TimeToRespawn": 259200,
    "TreeHard": 1,
    "TreeSoft": 1,
    "BushHard": 1,
    "BushSoft": 1,
    "CutTrees": [
        {
            "Location": [
                15059.796875,
                30.373554229736329,
                13879.859375
            ],
            "Health": 100.0,
            "RenewTime": 1700229094
        },
        {
            "Location": [
                15060.2978515625,
                27.566112518310548,
                13880.2841796875
            ],
            "Health": 0.0,
            "RenewTime": 1700229106
        }
    ]
}