{
    "locked": 0,
    "open": 1,
    "adminLocked": 0,
    "location": [
        10243.1474609375,
        7.218266487121582,
        2168.946044921875
    ],
    "doorIndex": 0
}