{
    "locked": 0,
    "open": 1,
    "adminLocked": 0,
    "location": [
        10256.681640625,
        6.587416648864746,
        2150.75146484375
    ],
    "doorIndex": 0
}