{
    "locked": 0,
    "open": 1,
    "adminLocked": 0,
    "location": [
        10263.46875,
        6.414283752441406,
        2147.326904296875
    ],
    "doorIndex": 0
}