{
    "locked": 0,
    "open": 1,
    "adminLocked": 0,
    "location": [
        10275.58984375,
        8.5424222946167,
        2097.216552734375
    ],
    "doorIndex": 0
}