{
    "locked": 0,
    "open": 1,
    "adminLocked": 0,
    "location": [
        10273.193359375,
        6.12696647644043,
        2174.342041015625
    ],
    "doorIndex": 7
}