{
    "locked": 0,
    "open": 0,
    "adminLocked": 0,
    "location": [
        10271.341796875,
        5.884438514709473,
        2160.579345703125
    ],
    "doorIndex": 2
}