{
    "locked": 0,
    "open": 1,
    "adminLocked": 0,
    "location": [
        10302.544921875,
        7.790548801422119,
        2093.167236328125
    ],
    "doorIndex": 1
}