{
    "locked": 0,
    "open": 1,
    "adminLocked": 0,
    "location": [
        10314.2626953125,
        7.7905073165893559,
        2096.096923828125
    ],
    "doorIndex": 1
}