{
    "locked": 0,
    "open": 1,
    "adminLocked": 0,
    "location": [
        10325.9873046875,
        7.7905049324035648,
        2099.072021484375
    ],
    "doorIndex": 1
}