{
    "locked": 0,
    "open": 1,
    "adminLocked": 0,
    "location": [
        10337.7236328125,
        7.790493965148926,
        2102.056640625
    ],
    "doorIndex": 1
}