{
    "locked": 0,
    "open": 1,
    "adminLocked": 0,
    "location": [
        10349.4755859375,
        7.790485858917236,
        2105.027587890625
    ],
    "doorIndex": 1
}