{
    "locked": 0,
    "open": 1,
    "adminLocked": 0,
    "location": [
        10345.8037109375,
        7.710600852966309,
        2225.47705078125
    ],
    "doorIndex": 2
}