{
    "locked": 0,
    "open": 0,
    "adminLocked": 0,
    "location": [
        10340.05859375,
        9.036016464233399,
        2192.4716796875
    ],
    "doorIndex": 3
}