{
    "locked": 0,
    "open": 1,
    "adminLocked": 0,
    "location": [
        10369.4716796875,
        10.534110069274903,
        2215.52392578125
    ],
    "doorIndex": 2
}