{
    "locked": 0,
    "open": 1,
    "adminLocked": 0,
    "location": [
        10366.0859375,
        5.836089611053467,
        2238.728515625
    ],
    "doorIndex": 0
}