{
    "locked": 0,
    "open": 1,
    "adminLocked": 0,
    "location": [
        10374.7177734375,
        11.060799598693848,
        2223.79248046875
    ],
    "doorIndex": 1
}