{
    "locked": 0,
    "open": 1,
    "adminLocked": 0,
    "location": [
        10380.8916015625,
        11.028806686401368,
        2182.8896484375
    ],
    "doorIndex": 2
}