{
    "locked": 0,
    "open": 1,
    "adminLocked": 0,
    "location": [
        10391.494140625,
        7.16986608505249,
        2171.4853515625
    ],
    "doorIndex": 0
}