{
    "locked": 0,
    "open": 1,
    "adminLocked": 0,
    "location": [
        10405.4560546875,
        6.006086826324463,
        2154.30712890625
    ],
    "doorIndex": 0
}