{
    "locked": 0,
    "open": 1,
    "adminLocked": 0,
    "location": [
        10404.224609375,
        9.347492218017579,
        2172.406005859375
    ],
    "doorIndex": 3
}