{
    "locked": 0,
    "open": 0,
    "adminLocked": 0,
    "location": [
        10415.837890625,
        8.730993270874024,
        2146.9296875
    ],
    "doorIndex": 0
}