{
    "locked": 0,
    "open": 1,
    "adminLocked": 0,
    "location": [
        10447.84765625,
        7.2170233726501469,
        2042.308837890625
    ],
    "doorIndex": 0
}