{
    "locked": 0,
    "open": 1,
    "adminLocked": 0,
    "location": [
        10450.8564453125,
        8.652008056640625,
        2072.552001953125
    ],
    "doorIndex": 3
}