{
    "locked": 0,
    "open": 1,
    "adminLocked": 0,
    "location": [
        10458.6494140625,
        6.043730735778809,
        2023.8348388671876
    ],
    "doorIndex": 0
}