{
    "locked": 0,
    "open": 0,
    "adminLocked": 0,
    "location": [
        10456.0068359375,
        12.703903198242188,
        2273.032958984375
    ],
    "doorIndex": 13
}