{
    "locked": 0,
    "open": 1,
    "adminLocked": 0,
    "location": [
        10461.734375,
        7.927846431732178,
        2055.850341796875
    ],
    "doorIndex": 0
}