{
    "locked": 0,
    "open": 1,
    "adminLocked": 0,
    "location": [
        10466.5810546875,
        9.12742805480957,
        2131.7529296875
    ],
    "doorIndex": 3
}