{
    "locked": 0,
    "open": 1,
    "adminLocked": 0,
    "location": [
        10467.025390625,
        7.195598125457764,
        2088.958984375
    ],
    "doorIndex": 0
}