{
    "locked": 0,
    "open": 0,
    "adminLocked": 0,
    "location": [
        10463.1474609375,
        6.176290035247803,
        2110.98583984375
    ],
    "doorIndex": 0
}