{
    "locked": 0,
    "open": 1,
    "adminLocked": 0,
    "location": [
        10465.19140625,
        9.266648292541504,
        2036.690673828125
    ],
    "doorIndex": 4
}