{
    "locked": 0,
    "open": 1,
    "adminLocked": 0,
    "location": [
        10464.3193359375,
        7.691274642944336,
        2248.11279296875
    ],
    "doorIndex": 2
}