{
    "locked": 0,
    "open": 1,
    "adminLocked": 0,
    "location": [
        10470.900390625,
        9.228139877319336,
        2106.192626953125
    ],
    "doorIndex": 4
}