{
    "locked": 0,
    "open": 1,
    "adminLocked": 0,
    "location": [
        10479.2216796875,
        8.882123947143555,
        2073.387451171875
    ],
    "doorIndex": 1
}