{
    "locked": 0,
    "open": 1,
    "adminLocked": 0,
    "location": [
        10482.6318359375,
        8.866191864013672,
        2017.8851318359376
    ],
    "doorIndex": 0
}