{
    "locked": 0,
    "open": 1,
    "adminLocked": 0,
    "location": [
        10488.2275390625,
        11.377595901489258,
        2411.43701171875
    ],
    "doorIndex": 2
}