{
    "locked": 0,
    "open": 1,
    "adminLocked": 0,
    "location": [
        10565.779296875,
        8.39767074584961,
        2126.39990234375
    ],
    "doorIndex": 1
}