{
    "locked": 0,
    "open": 1,
    "adminLocked": 0,
    "location": [
        10561.5458984375,
        10.281848907470704,
        2142.729736328125
    ],
    "doorIndex": 0
}