{
    "locked": 0,
    "open": 1,
    "adminLocked": 0,
    "location": [
        10566.59375,
        6.75765323638916,
        2152.285888671875
    ],
    "doorIndex": 0
}