{
    "locked": 0,
    "open": 1,
    "adminLocked": 0,
    "location": [
        10563.9404296875,
        8.53846549987793,
        2073.540283203125
    ],
    "doorIndex": 2
}