{
    "locked": 1,
    "open": 0,
    "adminLocked": 0,
    "location": [
        10566.1708984375,
        11.868636131286621,
        2368.578125
    ],
    "doorIndex": 1
}