{
    "locked": 0,
    "open": 1,
    "adminLocked": 0,
    "location": [
        10571.20703125,
        7.156432151794434,
        2142.805908203125
    ],
    "doorIndex": 0
}