{
    "locked": 0,
    "open": 1,
    "adminLocked": 0,
    "location": [
        10578.3154296875,
        8.726261138916016,
        2145.64697265625
    ],
    "doorIndex": 0
}