{
    "locked": 0,
    "open": 1,
    "adminLocked": 0,
    "location": [
        10585.1240234375,
        8.73917007446289,
        2110.0654296875
    ],
    "doorIndex": 0
}