{
    "locked": 0,
    "open": 1,
    "adminLocked": 0,
    "location": [
        10584.939453125,
        9.67357063293457,
        2085.3466796875
    ],
    "doorIndex": 1
}