{
    "locked": 0,
    "open": 1,
    "adminLocked": 0,
    "location": [
        10594.7978515625,
        8.737054824829102,
        2150.6044921875
    ],
    "doorIndex": 0
}