{
    "locked": 0,
    "open": 1,
    "adminLocked": 0,
    "location": [
        10598.0859375,
        7.1634840965271,
        2133.30908203125
    ],
    "doorIndex": 0
}