{
    "locked": 0,
    "open": 1,
    "adminLocked": 0,
    "location": [
        10612.9189453125,
        8.720992088317871,
        2164.998291015625
    ],
    "doorIndex": 0
}