{
    "locked": 0,
    "open": 1,
    "adminLocked": 0,
    "location": [
        10640.1962890625,
        8.278594017028809,
        2174.410400390625
    ],
    "doorIndex": 2
}