{
    "locked": 0,
    "open": 0,
    "adminLocked": 0,
    "location": [
        10778.9453125,
        9.173773765563965,
        2233.931884765625
    ],
    "doorIndex": 0
}