{
    "locked": 0,
    "open": 1,
    "adminLocked": 0,
    "location": [
        10805.3662109375,
        10.961585998535157,
        2442.103515625
    ],
    "doorIndex": 0
}