{
    "locked": 0,
    "open": 1,
    "adminLocked": 0,
    "location": [
        10817.6806640625,
        5.784083366394043,
        2481.446533203125
    ],
    "doorIndex": 0
}