{
    "locked": 0,
    "open": 1,
    "adminLocked": 0,
    "location": [
        10827.861328125,
        8.14764404296875,
        2492.8896484375
    ],
    "doorIndex": 3
}