{
    "locked": 0,
    "open": 1,
    "adminLocked": 0,
    "location": [
        10825.0537109375,
        9.56794261932373,
        2457.417236328125
    ],
    "doorIndex": 0
}