{
    "locked": 0,
    "open": 0,
    "adminLocked": 0,
    "location": [
        10832.5693359375,
        11.192337989807129,
        2706.875
    ],
    "doorIndex": 0
}