{
    "locked": 0,
    "open": 1,
    "adminLocked": 0,
    "location": [
        10830.8017578125,
        6.97869873046875,
        2533.663330078125
    ],
    "doorIndex": 0
}