{
    "locked": 0,
    "open": 1,
    "adminLocked": 0,
    "location": [
        10831.9208984375,
        7.0099921226501469,
        2512.58740234375
    ],
    "doorIndex": 0
}