{
    "locked": 0,
    "open": 1,
    "adminLocked": 0,
    "location": [
        10847.95703125,
        4.621264934539795,
        2330.7744140625
    ],
    "doorIndex": 0
}