{
    "locked": 0,
    "open": 1,
    "adminLocked": 0,
    "location": [
        10856.166015625,
        8.212761878967286,
        2770.625
    ],
    "doorIndex": 0
}