{
    "locked": 0,
    "open": 1,
    "adminLocked": 0,
    "location": [
        10887.546875,
        104.35570526123047,
        6692.39599609375
    ],
    "doorIndex": 0
}