{
    "locked": 0,
    "open": 0,
    "adminLocked": 0,
    "location": [
        10905.9052734375,
        103.10515594482422,
        6683.96142578125
    ],
    "doorIndex": 0
}