{
    "locked": 0,
    "open": 0,
    "adminLocked": 0,
    "location": [
        11127.427734375,
        80.11005401611328,
        6533.048828125
    ],
    "doorIndex": 0
}