{
    "locked": 0,
    "open": 0,
    "adminLocked": 0,
    "location": [
        11141.54296875,
        81.27796936035156,
        6522.04736328125
    ],
    "doorIndex": 1
}