{
    "locked": 0,
    "open": 1,
    "adminLocked": 0,
    "location": [
        11186.1630859375,
        83.29381561279297,
        6590.15625
    ],
    "doorIndex": 0
}