{
    "locked": 0,
    "open": 0,
    "adminLocked": 0,
    "location": [
        11185.8369140625,
        78.17168426513672,
        6636.57080078125
    ],
    "doorIndex": 0
}