{
    "locked": 0,
    "open": 1,
    "adminLocked": 0,
    "location": [
        11353.044921875,
        77.10774993896485,
        6626.44970703125
    ],
    "doorIndex": 0
}