{
    "locked": 0,
    "open": 1,
    "adminLocked": 0,
    "location": [
        11459.345703125,
        71.71674346923828,
        6652.634765625
    ],
    "doorIndex": 0
}