{
    "locked": 0,
    "open": 1,
    "adminLocked": 0,
    "location": [
        11471.98828125,
        69.93533325195313,
        6602.55517578125
    ],
    "doorIndex": 0
}