{
    "locked": 0,
    "open": 1,
    "adminLocked": 0,
    "location": [
        11471.720703125,
        75.3390121459961,
        6612.32275390625
    ],
    "doorIndex": 0
}