{
    "locked": 0,
    "open": 1,
    "adminLocked": 0,
    "location": [
        11497.013671875,
        70.24040985107422,
        6591.2626953125
    ],
    "doorIndex": 0
}