{
    "locked": 0,
    "open": 1,
    "adminLocked": 0,
    "location": [
        11847.6259765625,
        150.365966796875,
        12463.6806640625
    ],
    "doorIndex": 7
}