{
    "locked": 0,
    "open": 0,
    "adminLocked": 0,
    "location": [
        12216.0078125,
        39.07350540161133,
        6273.2060546875
    ],
    "doorIndex": 0
}