{
    "locked": 0,
    "open": 1,
    "adminLocked": 0,
    "location": [
        12335.892578125,
        143.49349975585938,
        12669.4091796875
    ],
    "doorIndex": 3
}