{
    "locked": 0,
    "open": 0,
    "adminLocked": 0,
    "location": [
        13297.8251953125,
        8.332559585571289,
        6320.306640625
    ],
    "doorIndex": 0
}