{
    "locked": 0,
    "open": 1,
    "adminLocked": 0,
    "location": [
        13317.134765625,
        10.804762840270996,
        6145.7509765625
    ],
    "doorIndex": 1
}