{
    "locked": 0,
    "open": 1,
    "adminLocked": 0,
    "location": [
        13325.4931640625,
        8.250693321228028,
        6333.36328125
    ],
    "doorIndex": 2
}