{
    "locked": 0,
    "open": 1,
    "adminLocked": 0,
    "location": [
        13386.5283203125,
        9.62583065032959,
        6314.8505859375
    ],
    "doorIndex": 7
}