{
    "locked": 0,
    "open": 1,
    "adminLocked": 0,
    "location": [
        13404.3203125,
        7.178260326385498,
        6311.62060546875
    ],
    "doorIndex": 0
}