{
    "locked": 0,
    "open": 1,
    "adminLocked": 0,
    "location": [
        13416.6708984375,
        8.614572525024414,
        6274.966796875
    ],
    "doorIndex": 0
}