{
    "locked": 0,
    "open": 1,
    "adminLocked": 0,
    "location": [
        13414.474609375,
        8.288228034973145,
        6307.00634765625
    ],
    "doorIndex": 3
}