{
    "locked": 0,
    "open": 1,
    "adminLocked": 0,
    "location": [
        13417.6181640625,
        6.737473487854004,
        6293.4130859375
    ],
    "doorIndex": 0
}