{
    "locked": 0,
    "open": 1,
    "adminLocked": 0,
    "location": [
        13411.23046875,
        7.674656391143799,
        6166.0576171875
    ],
    "doorIndex": 0
}