{
    "locked": 0,
    "open": 1,
    "adminLocked": 0,
    "location": [
        13426.0400390625,
        9.089048385620118,
        6232.4169921875
    ],
    "doorIndex": 3
}