{
    "locked": 0,
    "open": 0,
    "adminLocked": 0,
    "location": [
        13423.59375,
        8.108314514160157,
        6205.732421875
    ],
    "doorIndex": 0
}