{
    "locked": 0,
    "open": 1,
    "adminLocked": 0,
    "location": [
        13441.9248046875,
        9.126419067382813,
        6258.63818359375
    ],
    "doorIndex": 1
}