{
    "locked": 0,
    "open": 1,
    "adminLocked": 0,
    "location": [
        13444.662109375,
        7.1896185874938969,
        6313.9033203125
    ],
    "doorIndex": 0
}