{
    "locked": 0,
    "open": 1,
    "adminLocked": 0,
    "location": [
        13440.1669921875,
        8.105287551879883,
        6326.05517578125
    ],
    "doorIndex": 0
}