{
    "locked": 0,
    "open": 1,
    "adminLocked": 0,
    "location": [
        14117.4638671875,
        5.07040548324585,
        13170.439453125
    ],
    "doorIndex": 0
}