{
    "locked": 0,
    "open": 1,
    "adminLocked": 0,
    "location": [
        14110.9931640625,
        5.501646041870117,
        13278.3515625
    ],
    "doorIndex": 2
}