{
    "locked": 0,
    "open": 1,
    "adminLocked": 0,
    "location": [
        14173.5361328125,
        4.499239921569824,
        13131.146484375
    ],
    "doorIndex": 0
}