{
    "locked": 0,
    "open": 0,
    "adminLocked": 0,
    "location": [
        15125.6279296875,
        10.947129249572754,
        13810.41796875
    ],
    "doorIndex": 0
}