{
    "locked": 0,
    "open": 1,
    "adminLocked": 0,
    "location": [
        15121.8583984375,
        13.151714324951172,
        13840.8203125
    ],
    "doorIndex": 3
}