{
    "locked": 0,
    "open": 1,
    "adminLocked": 0,
    "location": [
        15149.4326171875,
        13.165367126464844,
        13862.0673828125
    ],
    "doorIndex": 1
}