{
    "locked": 0,
    "open": 1,
    "adminLocked": 0,
    "location": [
        15201.19140625,
        13.857481002807618,
        13882.509765625
    ],
    "doorIndex": 1
}