{
    "locked": 0,
    "open": 1,
    "adminLocked": 0,
    "location": [
        2759.22607421875,
        43.834503173828128,
        1286.65673828125
    ],
    "doorIndex": 22
}