{
    "locked": 0,
    "open": 1,
    "adminLocked": 0,
    "location": [
        4027.031005859375,
        339.1781311035156,
        10357.19921875
    ],
    "doorIndex": 3
}