{
    "locked": 0,
    "open": 1,
    "adminLocked": 0,
    "location": [
        4109.525390625,
        341.2004089355469,
        10459.6201171875
    ],
    "doorIndex": 4
}