{
    "locked": 0,
    "open": 0,
    "adminLocked": 0,
    "location": [
        4134.193359375,
        344.0411682128906,
        10431.9658203125
    ],
    "doorIndex": 1
}