{
    "locked": 0,
    "open": 0,
    "adminLocked": 0,
    "location": [
        4152.0478515625,
        340.6645812988281,
        10398.3388671875
    ],
    "doorIndex": 2
}