{
    "locked": 0,
    "open": 1,
    "adminLocked": 0,
    "location": [
        5744.99072265625,
        316.34033203125,
        9286.248046875
    ],
    "doorIndex": 2
}