{
    "locked": 0,
    "open": 1,
    "adminLocked": 0,
    "location": [
        5751.16162109375,
        316.40985107421877,
        9285.580078125
    ],
    "doorIndex": 0
}