{
    "locked": 0,
    "open": 1,
    "adminLocked": 0,
    "location": [
        6354.72021484375,
        16.42487144470215,
        2650.18994140625
    ],
    "doorIndex": 0
}