{
    "locked": 0,
    "open": 1,
    "adminLocked": 0,
    "location": [
        6535.0869140625,
        16.910022735595704,
        3087.072265625
    ],
    "doorIndex": 1
}