{
    "locked": 0,
    "open": 0,
    "adminLocked": 0,
    "location": [
        8679.4892578125,
        11.6306734085083,
        2426.81640625
    ],
    "doorIndex": 0
}